region_name,category_name_en,year,total_revenue,num_orders,grp_region,grp_category,grp_year
Central-West,agro_industry_and_commerce,2017,191.67999999999998,3,0,0,0
Central-West,agro_industry_and_commerce,2018,3531.7400000000007,8,0,0,0
Central-West,air_conditioning,2017,710.02,4,0,0,0
Central-West,air_conditioning,2018,1656.1999999999998,8,0,0,0
Central-West,art,2017,460.59999999999997,4,0,0,0
Central-West,art,2018,979.7199999999999,8,0,0,0
Central-West,arts_and_craftmanship,2018,151.70000000000002,1,0,0,0
Central-West,audio,2017,769.53,8,0,0,0
Central-West,audio,2018,4580.120000000001,19,0,0,0
Central-West,auto,2016,401.19,1,0,0,0
Central-West,auto,2017,22985.19999999998,88,0,0,0
Central-West,auto,2018,29974.81,161,0,0,0
Central-West,baby,2017,14133.169999999998,66,0,0,0
Central-West,baby,2018,19251.490000000005,110,0,0,0
Central-West,bed_bath_table,2017,32933.03999999997,241,0,0,0
Central-West,bed_bath_table,2018,29670.170000000006,228,0,0,0
Central-West,books_general_interest,2017,2332.65,12,0,0,0
Central-West,books_general_interest,2018,2024.5700000000002,22,0,0,0
Central-West,books_technical,2017,559.99,3,0,0,0
Central-West,books_technical,2018,1097.49,12,0,0,0
Central-West,christmas_supplies,2017,689.3299999999999,6,0,0,0
Central-West,christmas_supplies,2018,454.43,4,0,0,0
Central-West,cine_photo,2018,968.64,3,0,0,0
Central-West,computers,2017,12610.55,7,0,0,0
Central-West,computers,2018,4642.8,3,0,0,0
Central-West,computers_accessories,2016,51.05,1,0,0,0
Central-West,computers_accessories,2017,34535.42999999998,140,0,0,0
Central-West,computers_accessories,2018,27399.020000000008,193,0,0,0
Central-West,consoles_games,2017,4284.9400000000005,35,0,0,0
Central-West,consoles_games,2018,3002.6499999999996,25,0,0,0
Central-West,construction_tools_construction,2017,1300.56,6,0,0,0
Central-West,construction_tools_construction,2018,6286.180000000001,23,0,0,0
Central-West,construction_tools_lights,2017,1334.33,4,0,0,0
Central-West,construction_tools_lights,2018,2517.4200000000005,12,0,0,0
Central-West,construction_tools_safety,2017,631.25,4,0,0,0
Central-West,construction_tools_safety,2018,4198.15,11,0,0,0
Central-West,cool_stuff,2017,33031.58999999999,146,0,0,0
Central-West,cool_stuff,2018,20908.37999999999,83,0,0,0
Central-West,costruction_tools_garden,2017,480.2,5,0,0,0
Central-West,costruction_tools_garden,2018,769.22,7,0,0,0
Central-West,costruction_tools_tools,2017,46.69,1,0,0,0
Central-West,costruction_tools_tools,2018,2869.4800000000005,6,0,0,0
Central-West,drinks,2017,394.44000000000005,4,0,0,0
Central-West,drinks,2018,812.1100000000001,10,0,0,0
Central-West,dvds_blu_ray,2017,588.55,6,0,0,0
Central-West,dvds_blu_ray,2018,102.16,1,0,0,0
Central-West,electronics,2017,2280.81,32,0,0,0
Central-West,electronics,2018,5751.639999999999,88,0,0,0
Central-West,fashio_female_clothing,2017,383.8,3,0,0,0
Central-West,fashio_female_clothing,2018,57.17,1,0,0,0
Central-West,fashion_bags_accessories,2017,5012.170000000002,58,0,0,0
Central-West,fashion_bags_accessories,2018,4985.930000000002,50,0,0,0
Central-West,fashion_male_clothing,2017,64.0,1,0,0,0
Central-West,fashion_male_clothing,2018,510.84000000000003,3,0,0,0
Central-West,fashion_shoes,2017,1913.8,10,0,0,0
Central-West,fashion_shoes,2018,1322.05,9,0,0,0
Central-West,fashion_underwear_beach,2017,1009.9200000000002,7,0,0,0
Central-West,fashion_underwear_beach,2018,300.03999999999996,4,0,0,0
Central-West,fixed_telephony,2017,501.01,6,0,0,0
Central-West,fixed_telephony,2018,148.97000000000003,2,0,0,0
Central-West,flowers,2018,87.39999999999999,2,0,0,0
Central-West,food,2017,803.9499999999999,3,0,0,0
Central-West,food,2018,1718.03,18,0,0,0
Central-West,food_drink,2017,336.5,4,0,0,0
Central-West,food_drink,2018,74.88,1,0,0,0
Central-West,furniture_bedroom,2017,1193.2400000000002,2,0,0,0
Central-West,furniture_bedroom,2018,443.33000000000004,2,0,0,0
Central-West,furniture_decor,2016,318.99,3,0,0,0
Central-West,furniture_decor,2017,18905.519999999986,131,0,0,0
Central-West,furniture_decor,2018,26048.34,168,0,0,0
Central-West,furniture_living_room,2017,2463.71,13,0,0,0
Central-West,furniture_living_room,2018,2197.14,10,0,0,0
Central-West,furniture_mattress_and_upholstery,2017,405.74,2,0,0,0
Central-West,garden_tools,2017,26741.849999999995,93,0,0,0
Central-West,garden_tools,2018,17292.220000000012,81,0,0,0
Central-West,health_beauty,2016,223.92,2,0,0,0
Central-West,health_beauty,2017,33496.00000000001,227,0,0,0
Central-West,health_beauty,2018,62897.42999999997,326,0,0,0
Central-West,home_appliances,2017,2270.67,18,0,0,0
Central-West,home_appliances,2018,2210.2000000000003,22,0,0,0
Central-West,home_appliances_2,2017,1381.4699999999998,5,0,0,0
Central-West,home_appliances_2,2018,5052.09,8,0,0,0
Central-West,home_comfort_2,2017,56.0,2,0,0,0
Central-West,home_comfort_2,2018,88.22,2,0,0,0
Central-West,home_confort,2017,1332.7900000000002,9,0,0,0
Central-West,home_confort,2018,1448.3999999999999,9,0,0,0
Central-West,home_construction,2017,2978.05,10,0,0,0
Central-West,home_construction,2018,4176.539999999999,22,0,0,0
Central-West,housewares,2017,20452.489999999998,115,0,0,0
Central-West,housewares,2018,30746.97999999999,173,0,0,0
Central-West,industry_commerce_and_business,2017,956.36,2,0,0,0
Central-West,industry_commerce_and_business,2018,2704.2799999999997,13,0,0,0
Central-West,kitchen_dining_laundry_garden_furniture,2017,1556.21,4,0,0,0
Central-West,kitchen_dining_laundry_garden_furniture,2018,1402.6200000000001,4,0,0,0
Central-West,la_cuisine,2017,137.11,1,0,0,0
Central-West,luggage_accessories,2017,4344.74,27,0,0,0
Central-West,luggage_accessories,2018,3860.38,23,0,0,0
Central-West,market_place,2016,98.55000000000001,1,0,0,0
Central-West,market_place,2017,830.98,8,0,0,0
Central-West,market_place,2018,1001.66,9,0,0,0
Central-West,music,2018,1309.95,2,0,0,0
Central-West,musical_instruments,2017,1954.73,8,0,0,0
Central-West,musical_instruments,2018,10694.839999999998,22,0,0,0
Central-West,office_furniture,2017,7114.7199999999975,26,0,0,0
Central-West,office_furniture,2018,6262.240000000001,29,0,0,0
Central-West,party_supplies,2018,357.65,2,0,0,0
Central-West,perfumery,2016,687.8699999999999,3,0,0,0
Central-West,perfumery,2017,14552.160000000002,105,0,0,0
Central-West,perfumery,2018,12676.610000000002,93,0,0,0
Central-West,pet_shop,2017,5269.89,36,0,0,0
Central-West,pet_shop,2018,12168.389999999996,56,0,0,0
Central-West,security_and_services,2017,115.45,1,0,0,0
Central-West,signaling_and_security,2017,719.15,1,0,0,0
Central-West,signaling_and_security,2018,4247.389999999999,7,0,0,0
Central-West,small_appliances,2017,12383.539999999999,22,0,0,0
Central-West,small_appliances,2018,7069.9000000000015,23,0,0,0
Central-West,small_appliances_home_oven_and_coffee,2018,2448.19,3,0,0,0
Central-West,sports_leisure,2016,65.7,1,0,0,0
Central-West,sports_leisure,2017,30317.26,224,0,0,0
Central-West,sports_leisure,2018,41486.75000000002,240,0,0,0
Central-West,stationery,2017,7214.700000000001,55,0,0,0
Central-West,stationery,2018,9617.189999999999,73,0,0,0
Central-West,tablets_printing_image,2017,435.28999999999996,4,0,0,0
Central-West,telephony,2017,8761.260000000006,121,0,0,0
Central-West,telephony,2018,13120.140000000007,157,0,0,0
Central-West,toys,2016,338.83,3,0,0,0
Central-West,toys,2017,23552.320000000003,147,0,0,0
Central-West,toys,2018,10848.229999999994,83,0,0,0
Central-West,watches_gifts,2016,671.31,1,0,0,0
Central-West,watches_gifts,2017,36571.14000000001,131,0,0,0
Central-West,watches_gifts,2018,53337.52000000002,227,0,0,0
Central-West,,2018,50.239999999999995,1,0,0,0
North,agro_industry_and_commerce,2017,882.21,2,0,0,0
North,agro_industry_and_commerce,2018,1287.16,2,0,0,0
North,air_conditioning,2017,114.11,1,0,0,0
North,art,2017,202.88,2,0,0,0
North,art,2018,618.7299999999999,5,0,0,0
North,audio,2017,114.53,1,0,0,0
North,audio,2018,881.8499999999999,3,0,0,0
North,auto,2017,8135.109999999999,38,0,0,0
North,auto,2018,9867.52,45,0,0,0
North,baby,2017,6683.89,29,0,0,0
North,baby,2018,12700.950000000003,41,0,0,0
North,bed_bath_table,2017,7429.4,47,0,0,0
North,bed_bath_table,2018,4131.86,26,0,0,0
North,books_general_interest,2017,147.29,3,0,0,0
North,books_general_interest,2018,1101.1599999999999,5,0,0,0
North,books_imported,2018,168.72,1,0,0,0
North,books_technical,2017,176.18,1,0,0,0
North,books_technical,2018,294.8,3,0,0,0
North,christmas_supplies,2017,224.82000000000002,2,0,0,0
North,christmas_supplies,2018,1051.67,2,0,0,0
North,cine_photo,2018,314.74,2,0,0,0
North,computers,2017,10016.52,8,0,0,0
North,computers,2018,1602.54,3,0,0,0
North,computers_accessories,2017,15225.86,78,0,0,0
North,computers_accessories,2018,14798.280000000006,73,0,0,0
North,consoles_games,2017,1932.6399999999999,11,0,0,0
North,consoles_games,2018,2087.2999999999997,11,0,0,0
North,construction_tools_construction,2017,453.5,1,0,0,0
North,construction_tools_construction,2018,1668.08,5,0,0,0
North,construction_tools_lights,2018,425.13000000000005,3,0,0,0
North,construction_tools_safety,2018,402.34,1,0,0,0
North,cool_stuff,2016,121.00999999999999,1,0,0,0
North,cool_stuff,2017,11725.000000000002,56,0,0,0
North,cool_stuff,2018,5665.78,28,0,0,0
North,costruction_tools_garden,2017,175.56,2,0,0,0
North,costruction_tools_garden,2018,390.31000000000006,3,0,0,0
North,costruction_tools_tools,2018,52.629999999999995,1,0,0,0
North,drinks,2018,208.94,2,0,0,0
North,dvds_blu_ray,2017,46.05,1,0,0,0
North,electronics,2017,3190.8199999999997,25,0,0,0
North,electronics,2018,3127.63,28,0,0,0
North,fashion_bags_accessories,2017,3105.46,25,0,0,0
North,fashion_bags_accessories,2018,2183.4,19,0,0,0
North,fashion_male_clothing,2017,345.90000000000003,2,0,0,0
North,fashion_shoes,2017,764.6800000000001,5,0,0,0
North,fashion_shoes,2018,746.64,3,0,0,0
North,fashion_sport,2017,262.12,1,0,0,0
North,fashion_underwear_beach,2017,160.73000000000002,2,0,0,0
North,fashion_underwear_beach,2018,85.6,1,0,0,0
North,fixed_telephony,2017,2441.04,5,0,0,0
North,fixed_telephony,2018,41.14,1,0,0,0
North,food,2017,187.91,1,0,0,0
North,food,2018,126.44999999999999,1,0,0,0
North,food_drink,2017,85.85,1,0,0,0
North,furniture_decor,2016,634.3799999999999,3,0,0,0
North,furniture_decor,2017,8431.730000000003,46,0,0,0
North,furniture_decor,2018,11259.839999999997,48,0,0,0
North,furniture_living_room,2017,563.76,3,0,0,0
North,furniture_living_room,2018,391.84,2,0,0,0
North,garden_tools,2017,7737.839999999999,31,0,0,0
North,garden_tools,2018,5825.27,21,0,0,0
North,health_beauty,2016,69.02000000000001,1,0,0,0
North,health_beauty,2017,20700.61,88,0,0,0
North,health_beauty,2018,29007.199999999975,102,0,0,0
North,home_appliances,2017,623.4,7,0,0,0
North,home_appliances,2018,2269.4300000000003,11,0,0,0
North,home_appliances_2,2017,710.91,2,0,0,0
North,home_appliances_2,2018,1122.04,2,0,0,0
North,home_confort,2017,695.61,1,0,0,0
North,home_confort,2018,257.37,1,0,0,0
North,home_construction,2018,1427.1399999999999,7,0,0,0
North,housewares,2017,5611.59,30,0,0,0
North,housewares,2018,5033.329999999999,29,0,0,0
North,industry_commerce_and_business,2018,256.53,2,0,0,0
North,kitchen_dining_laundry_garden_furniture,2017,86.8,1,0,0,0
North,kitchen_dining_laundry_garden_furniture,2018,214.61,1,0,0,0
North,luggage_accessories,2017,3386.4700000000003,13,0,0,0
North,luggage_accessories,2018,1596.01,6,0,0,0
North,market_place,2017,1196.9299999999998,9,0,0,0
North,music,2018,38.95,1,0,0,0
North,musical_instruments,2017,2289.65,11,0,0,0
North,musical_instruments,2018,859.8800000000001,4,0,0,0
North,office_furniture,2017,4526.04,18,0,0,0
North,office_furniture,2018,5520.860000000001,17,0,0,0
North,perfumery,2017,5900.790000000001,34,0,0,0
North,perfumery,2018,4013.81,23,0,0,0
North,pet_shop,2017,3234.5600000000004,17,0,0,0
North,pet_shop,2018,1698.48,11,0,0,0
North,security_and_services,2017,209.06,1,0,0,0
North,signaling_and_security,2018,258.06,1,0,0,0
North,small_appliances,2017,3508.71,7,0,0,0
North,small_appliances,2018,519.47,3,0,0,0
North,small_appliances_home_oven_and_coffee,2018,4209.07,2,0,0,0
North,sports_leisure,2017,14851.420000000004,72,0,0,0
North,sports_leisure,2018,18505.359999999997,80,0,0,0
North,stationery,2017,2590.87,18,0,0,0
North,stationery,2018,4069.17,27,0,0,0
North,tablets_printing_image,2017,302.24,2,0,0,0
North,tablets_printing_image,2018,225.97,3,0,0,0
North,telephony,2017,7284.19,79,0,0,0
North,telephony,2018,9023.999999999996,55,0,0,0
North,toys,2016,663.93,1,0,0,0
North,toys,2017,7942.470000000001,44,0,0,0
North,toys,2018,3649.4300000000007,22,0,0,0
North,watches_gifts,2017,18969.08,59,0,0,0
North,watches_gifts,2018,23195.33,79,0,0,0
North,,2018,1028.3,1,0,0,0
Northeast,agro_industry_and_commerce,2017,5908.37,7,0,0,0
Northeast,agro_industry_and_commerce,2018,6457.490000000001,10,0,0,0
Northeast,air_conditioning,2017,1738.84,9,0,0,0
Northeast,air_conditioning,2018,1702.8500000000001,7,0,0,0
Northeast,art,2017,285.58000000000004,2,0,0,0
Northeast,art,2018,1569.5299999999997,12,0,0,0
Northeast,audio,2017,2706.83,19,0,0,0
Northeast,audio,2018,2820.97,18,0,0,0
Northeast,auto,2016,865.9100000000001,3,0,0,0
Northeast,auto,2017,37529.37000000001,164,0,0,0
Northeast,auto,2018,63455.310000000005,263,0,0,0
Northeast,baby,2017,20167.699999999993,107,0,0,0
Northeast,baby,2018,29694.84999999999,139,0,0,0
Northeast,bed_bath_table,2017,43821.129999999976,278,0,0,0
Northeast,bed_bath_table,2018,35227.79999999999,235,0,0,0
Northeast,books_general_interest,2016,144.54,1,0,0,0
Northeast,books_general_interest,2017,3143.0400000000004,31,0,0,0
Northeast,books_general_interest,2018,3591.2999999999993,29,0,0,0
Northeast,books_imported,2017,93.98,1,0,0,0
Northeast,books_imported,2018,889.62,2,0,0,0
Northeast,books_technical,2017,839.8100000000001,7,0,0,0
Northeast,books_technical,2018,1316.6499999999999,17,0,0,0
Northeast,cds_dvds_musicals,2018,117.58,1,0,0,0
Northeast,christmas_supplies,2017,309.11,4,0,0,0
Northeast,christmas_supplies,2018,1676.4900000000005,12,0,0,0
Northeast,cine_photo,2018,525.48,5,0,0,0
Northeast,computers,2017,40658.84,33,0,0,0
Northeast,computers,2018,20573.850000000002,17,0,0,0
Northeast,computers_accessories,2016,366.91,4,0,0,0
Northeast,computers_accessories,2017,55692.74000000001,266,0,0,0
Northeast,computers_accessories,2018,62189.32999999997,371,0,0,0
Northeast,consoles_games,2016,741.74,2,0,0,0
Northeast,consoles_games,2017,15059.000000000007,72,0,0,0
Northeast,consoles_games,2018,11239.76,33,0,0,0
Northeast,construction_tools_construction,2017,4461.8099999999995,8,0,0,0
Northeast,construction_tools_construction,2018,11774.139999999996,48,0,0,0
Northeast,construction_tools_lights,2017,331.2,1,0,0,0
Northeast,construction_tools_lights,2018,2428.1699999999996,12,0,0,0
Northeast,construction_tools_safety,2017,1192.53,6,0,0,0
Northeast,construction_tools_safety,2018,4702.67,15,0,0,0
Northeast,cool_stuff,2017,55898.06999999999,228,0,0,0
Northeast,cool_stuff,2018,36981.399999999994,161,0,0,0
Northeast,costruction_tools_garden,2017,2610.2799999999993,12,0,0,0
Northeast,costruction_tools_garden,2018,4078.9,16,0,0,0
Northeast,costruction_tools_tools,2017,140.07,2,0,0,0
Northeast,costruction_tools_tools,2018,1276.6499999999999,5,0,0,0
Northeast,diapers_and_hygiene,2018,233.8,3,0,0,0
Northeast,drinks,2017,366.83000000000004,3,0,0,0
Northeast,drinks,2018,732.9399999999999,7,0,0,0
Northeast,dvds_blu_ray,2017,119.03,3,0,0,0
Northeast,dvds_blu_ray,2018,123.6,2,0,0,0
Northeast,electronics,2017,8257.320000000002,77,0,0,0
Northeast,electronics,2018,17699.409999999993,187,0,0,0
Northeast,fashio_female_clothing,2017,239.9,2,0,0,0
Northeast,fashion_bags_accessories,2016,75.84,1,0,0,0
Northeast,fashion_bags_accessories,2017,12052.71,107,0,0,0
Northeast,fashion_bags_accessories,2018,10183.220000000001,79,0,0,0
Northeast,fashion_childrens_clothes,2017,107.06,1,0,0,0
Northeast,fashion_male_clothing,2017,1218.0599999999997,8,0,0,0
Northeast,fashion_male_clothing,2018,76.42,1,0,0,0
Northeast,fashion_shoes,2017,2226.4900000000002,17,0,0,0
Northeast,fashion_shoes,2018,2136.4199999999996,11,0,0,0
Northeast,fashion_sport,2017,475.08,3,0,0,0
Northeast,fashion_underwear_beach,2017,940.3800000000001,7,0,0,0
Northeast,fashion_underwear_beach,2018,249.29,2,0,0,0
Northeast,fixed_telephony,2017,2765.84,17,0,0,0
Northeast,fixed_telephony,2018,5752.199999999999,9,0,0,0
Northeast,flowers,2018,145.12,1,0,0,0
Northeast,food,2017,1448.65,16,0,0,0
Northeast,food,2018,1840.39,19,0,0,0
Northeast,food_drink,2017,2041.3000000000002,12,0,0,0
Northeast,food_drink,2018,861.5400000000002,11,0,0,0
Northeast,furniture_bedroom,2017,1258.1599999999999,5,0,0,0
Northeast,furniture_bedroom,2018,794.8499999999999,4,0,0,0
Northeast,furniture_decor,2016,493.09000000000003,4,0,0,0
Northeast,furniture_decor,2017,42017.390000000014,258,0,0,0
Northeast,furniture_decor,2018,42541.37999999998,239,0,0,0
Northeast,furniture_living_room,2017,5060.72,19,0,0,0
Northeast,furniture_living_room,2018,4956.7300000000005,16,0,0,0
Northeast,furniture_mattress_and_upholstery,2017,288.29,1,0,0,0
Northeast,garden_tools,2017,40316.33000000002,206,0,0,0
Northeast,garden_tools,2018,29696.400000000005,139,0,0,0
Northeast,health_beauty,2016,530.07,4,0,0,0
Northeast,health_beauty,2017,102586.52000000002,466,0,0,0
Northeast,health_beauty,2018,133670.58000000013,611,0,0,0
Northeast,home_appliances,2017,4147.2,26,0,0,0
Northeast,home_appliances,2018,7362.6500000000015,39,0,0,0
Northeast,home_appliances_2,2017,2942.6100000000006,7,0,0,0
Northeast,home_appliances_2,2018,8697.15,10,0,0,0
Northeast,home_comfort_2,2017,29.689999999999998,1,0,0,0
Northeast,home_confort,2017,3476.6000000000004,19,0,0,0
Northeast,home_confort,2018,1787.62,10,0,0,0
Northeast,home_construction,2017,4811.870000000001,14,0,0,0
Northeast,home_construction,2018,7683.539999999999,30,0,0,0
Northeast,housewares,2016,716.32,3,0,0,0
Northeast,housewares,2017,18039.819999999996,138,0,0,0
Northeast,housewares,2018,36600.83000000002,197,0,0,0
Northeast,industry_commerce_and_business,2017,1557.38,4,0,0,0
Northeast,industry_commerce_and_business,2018,7102.879999999999,18,0,0,0
Northeast,kitchen_dining_laundry_garden_furniture,2017,2255.46,9,0,0,0
Northeast,kitchen_dining_laundry_garden_furniture,2018,884.0999999999999,3,0,0,0
Northeast,luggage_accessories,2017,10662.789999999995,60,0,0,0
Northeast,luggage_accessories,2018,6336.47,34,0,0,0
Northeast,market_place,2016,625.2,1,0,0,0
Northeast,market_place,2017,5044.459999999999,23,0,0,0
Northeast,market_place,2018,539.38,3,0,0,0
Northeast,music,2018,169.64000000000001,1,0,0,0
Northeast,musical_instruments,2017,13757.630000000001,32,0,0,0
Northeast,musical_instruments,2018,17954.13,43,0,0,0
Northeast,office_furniture,2016,264.08,1,0,0,0
Northeast,office_furniture,2017,17933.799999999996,74,0,0,0
Northeast,office_furniture,2018,25010.68,67,0,0,0
Northeast,party_supplies,2018,292.88,1,0,0,0
Northeast,perfumery,2016,636.66,3,0,0,0
Northeast,perfumery,2017,29448.010000000002,174,0,0,0
Northeast,perfumery,2018,17348.859999999997,106,0,0,0
Northeast,pet_shop,2017,13078.200000000003,67,0,0,0
Northeast,pet_shop,2018,8696.88,61,0,0,0
Northeast,signaling_and_security,2017,273.37,3,0,0,0
Northeast,signaling_and_security,2018,3914.45,7,0,0,0
Northeast,small_appliances,2017,7437.849999999999,21,0,0,0
Northeast,small_appliances,2018,7917.53,20,0,0,0
Northeast,small_appliances_home_oven_and_coffee,2017,673.47,1,0,0,0
Northeast,small_appliances_home_oven_and_coffee,2018,1717.69,3,0,0,0
Northeast,sports_leisure,2016,1060.23,3,0,0,0
Northeast,sports_leisure,2017,59378.57999999999,367,0,0,0
Northeast,sports_leisure,2018,63220.289999999964,315,0,0,0
Northeast,stationery,2017,13738.910000000003,93,0,0,0
Northeast,stationery,2018,17161.840000000007,123,0,0,0
Northeast,tablets_printing_image,2017,1333.72,11,0,0,0
Northeast,tablets_printing_image,2018,141.44,1,0,0,0
Northeast,telephony,2016,40.79,1,0,0,0
Northeast,telephony,2017,38056.64999999997,314,0,0,0
Northeast,telephony,2018,39905.91999999994,322,0,0,0
Northeast,toys,2016,74.74,1,0,0,0
Northeast,toys,2017,35384.55999999997,231,0,0,0
Northeast,toys,2018,21791.210000000014,114,0,0,0
Northeast,watches_gifts,2016,674.3299999999999,1,0,0,0
Northeast,watches_gifts,2017,66406.41000000002,259,0,0,0
Northeast,watches_gifts,2018,117810.49000000003,475,0,0,0
Northeast,,2017,156.18,1,0,0,0
Northeast,,2018,44.82,1,0,0,0
South,agro_industry_and_commerce,2017,3368.8100000000004,6,0,0,0
South,agro_industry_and_commerce,2018,6423.160000000002,18,0,0,0
South,air_conditioning,2016,1078.22,2,0,0,0
South,air_conditioning,2017,1337.98,8,0,0,0
South,air_conditioning,2018,4051.5599999999995,13,0,0,0
South,art,2017,423.12,5,0,0,0
South,art,2018,1796.0800000000004,19,0,0,0
South,arts_and_craftmanship,2018,314.32,1,0,0,0
South,audio,2017,3308.850000000001,25,0,0,0
South,audio,2018,4140.08,18,0,0,0
South,auto,2016,459.14,1,0,0,0
South,auto,2017,37361.18999999999,202,0,0,0
South,auto,2018,58923.89,345,0,0,0
South,baby,2016,108.84,1,0,0,0
South,baby,2017,29635.730000000003,201,0,0,0
South,baby,2018,51207.54,248,0,0,0
South,bed_bath_table,2016,302.11,2,0,0,0
South,bed_bath_table,2017,79133.05999999992,607,0,0,0
South,bed_bath_table,2018,86106.0599999999,605,0,0,0
South,books_general_interest,2017,4694.65,39,0,0,0
South,books_general_interest,2018,4227.6900000000005,42,0,0,0
South,books_imported,2017,184.57999999999998,2,0,0,0
South,books_imported,2018,183.09,3,0,0,0
South,books_technical,2017,1661.74,8,0,0,0
South,books_technical,2018,2680.26,28,0,0,0
South,cds_dvds_musicals,2017,305.55,3,0,0,0
South,christmas_supplies,2017,623.15,9,0,0,0
South,christmas_supplies,2018,1479.9300000000003,13,0,0,0
South,cine_photo,2017,78.71000000000001,1,0,0,0
South,cine_photo,2018,2511.11,14,0,0,0
South,computers,2017,20305.64,14,0,0,0
South,computers,2018,2026.33,3,0,0,0
South,computers_accessories,2016,292.11,3,0,0,0
South,computers_accessories,2017,71636.17999999989,421,0,0,0
South,computers_accessories,2018,85276.10999999999,570,0,0,0
South,consoles_games,2016,982.41,1,0,0,0
South,consoles_games,2017,11191.140000000001,77,0,0,0
South,consoles_games,2018,10008.919999999991,54,0,0,0
South,construction_tools_construction,2017,3440.77,17,0,0,0
South,construction_tools_construction,2018,19301.670000000002,85,0,0,0
South,construction_tools_lights,2018,7201.910000000003,41,0,0,0
South,construction_tools_safety,2017,2061.65,8,0,0,0
South,construction_tools_safety,2018,4937.709999999999,24,0,0,0
South,cool_stuff,2016,455.01,1,0,0,0
South,cool_stuff,2017,77344.52000000006,379,0,0,0
South,cool_stuff,2018,48741.59999999995,226,0,0,0
South,costruction_tools_garden,2017,799.1899999999999,3,0,0,0
South,costruction_tools_garden,2018,1443.1200000000001,13,0,0,0
South,costruction_tools_tools,2017,553.8900000000001,4,0,0,0
South,costruction_tools_tools,2018,1798.45,16,0,0,0
South,diapers_and_hygiene,2018,135.93,2,0,0,0
South,drinks,2017,544.7,8,0,0,0
South,drinks,2018,3793.1399999999994,30,0,0,0
South,dvds_blu_ray,2017,318.12999999999994,5,0,0,0
South,dvds_blu_ray,2018,297.43,4,0,0,0
South,electronics,2017,11755.380000000003,155,0,0,0
South,electronics,2018,23787.940000000002,284,0,0,0
South,fashio_female_clothing,2017,154.2,3,0,0,0
South,fashion_bags_accessories,2016,314.48999999999995,4,0,0,0
South,fashion_bags_accessories,2017,16639.699999999997,152,0,0,0
South,fashion_bags_accessories,2018,10107.900000000001,103,0,0,0
South,fashion_childrens_clothes,2017,66.69,1,0,0,0
South,fashion_childrens_clothes,2018,46.42,1,0,0,0
South,fashion_male_clothing,2017,1803.7600000000002,15,0,0,0
South,fashion_male_clothing,2018,351.27,4,0,0,0
South,fashion_shoes,2017,2181.2300000000005,25,0,0,0
South,fashion_shoes,2018,926.9900000000001,6,0,0,0
South,fashion_sport,2017,296.59000000000003,5,0,0,0
South,fashion_sport,2018,75.07,1,0,0,0
South,fashion_underwear_beach,2017,885.44,10,0,0,0
South,fashion_underwear_beach,2018,419.73,6,0,0,0
South,fixed_telephony,2016,214.98,1,0,0,0
South,fixed_telephony,2017,3749.710000000001,22,0,0,0
South,fixed_telephony,2018,1161.79,6,0,0,0
South,flowers,2017,38.91,1,0,0,0
South,flowers,2018,86.05,2,0,0,0
South,food,2017,1093.29,14,0,0,0
South,food,2018,3144.7900000000004,39,0,0,0
South,food_drink,2017,918.39,11,0,0,0
South,food_drink,2018,541.51,9,0,0,0
South,furniture_bedroom,2017,960.4100000000001,10,0,0,0
South,furniture_bedroom,2018,927.01,3,0,0,0
South,furniture_decor,2016,2469.36,12,0,0,0
South,furniture_decor,2017,72928.20999999986,512,0,0,0
South,furniture_decor,2018,93551.00000000009,591,0,0,0
South,furniture_living_room,2017,4284.65,22,0,0,0
South,furniture_living_room,2018,5774.909999999997,26,0,0,0
South,furniture_mattress_and_upholstery,2018,250.55,2,0,0,0
South,garden_tools,2016,156.22,1,0,0,0
South,garden_tools,2017,55647.43999999997,326,0,0,0
South,garden_tools,2018,41359.07999999998,224,0,0,0
South,health_beauty,2016,999.85,11,0,0,0
South,health_beauty,2017,72681.77999999994,453,0,0,0
South,health_beauty,2018,95292.06999999992,597,0,0,0
South,home_appliances,2017,5948.6500000000015,37,0,0,0
South,home_appliances,2018,11607.79,72,0,0,0
South,home_appliances_2,2017,5905.3099999999995,14,0,0,0
South,home_appliances_2,2018,22374.779999999995,29,0,0,0
South,home_comfort_2,2017,157.35,2,0,0,0
South,home_confort,2017,4789.369999999998,28,0,0,0
South,home_confort,2018,2405.0800000000004,16,0,0,0
South,home_construction,2017,6725.2599999999975,22,0,0,0
South,home_construction,2018,9694.899999999998,58,0,0,0
South,housewares,2017,42934.26999999999,362,0,0,0
South,housewares,2018,77878.62000000023,495,0,0,0
South,industry_commerce_and_business,2016,226.34,2,0,0,0
South,industry_commerce_and_business,2017,2183.83,10,0,0,0
South,industry_commerce_and_business,2018,4957.390000000002,30,0,0,0
South,kitchen_dining_laundry_garden_furniture,2017,3071.8199999999997,12,0,0,0
South,kitchen_dining_laundry_garden_furniture,2018,4407.56,18,0,0,0
South,la_cuisine,2017,636.24,4,0,0,0
South,la_cuisine,2018,426.7,1,0,0,0
South,luggage_accessories,2017,12848.51,81,0,0,0
South,luggage_accessories,2018,10796.089999999997,59,0,0,0
South,market_place,2016,112.52,1,0,0,0
South,market_place,2017,3361.93,28,0,0,0
South,market_place,2018,1716.83,20,0,0,0
South,music,2017,420.98,4,0,0,0
South,music,2018,563.0,4,0,0,0
South,musical_instruments,2017,8901.06,30,0,0,0
South,musical_instruments,2018,20785.04,58,0,0,0
South,office_furniture,2017,23885.00999999999,83,0,0,0
South,office_furniture,2018,22916.43000000001,70,0,0,0
South,party_supplies,2017,576.47,2,0,0,0
South,party_supplies,2018,541.7,5,0,0,0
South,perfumery,2016,589.8399999999999,2,0,0,0
South,perfumery,2017,27615.509999999995,204,0,0,0
South,perfumery,2018,29335.569999999996,185,0,0,0
South,pet_shop,2016,116.16000000000001,1,0,0,0
South,pet_shop,2017,18231.310000000005,121,0,0,0
South,pet_shop,2018,16209.54,123,0,0,0
South,signaling_and_security,2017,620.1899999999999,6,0,0,0
South,signaling_and_security,2018,2468.57,16,0,0,0
South,small_appliances,2017,17543.120000000003,51,0,0,0
South,small_appliances,2018,20563.000000000007,53,0,0,0
South,small_appliances_home_oven_and_coffee,2018,14384.519999999999,15,0,0,0
South,sports_leisure,2016,350.84999999999997,6,0,0,0
South,sports_leisure,2017,86541.47999999992,570,0,0,0
South,sports_leisure,2018,95772.85000000008,587,0,0,0
South,stationery,2017,15877.97,139,0,0,0
South,stationery,2018,24538.180000000008,201,0,0,0
South,tablets_printing_image,2017,343.69,3,0,0,0
South,tablets_printing_image,2018,70.24,1,0,0,0
South,telephony,2016,327.25,2,0,0,0
South,telephony,2017,23631.699999999986,323,0,0,0
South,telephony,2018,32510.170000000035,321,0,0,0
South,toys,2016,306.22,2,0,0,0
South,toys,2017,52229.69999999995,334,0,0,0
South,toys,2018,27346.469999999998,182,0,0,0
South,watches_gifts,2017,64014.719999999965,267,0,0,0
South,watches_gifts,2018,89738.78999999995,398,0,0,0
South,,2018,1256.74,2,0,0,0
Southeast,agro_industry_and_commerce,2017,20760.82,30,0,0,0
Southeast,agro_industry_and_commerce,2018,29562.630000000023,96,0,0,0
Southeast,air_conditioning,2016,826.69,3,0,0,0
Southeast,air_conditioning,2017,27079.20999999999,92,0,0,0
Southeast,air_conditioning,2018,21478.510000000002,106,0,0,0
Southeast,art,2017,8928.0,23,0,0,0
Southeast,art,2018,12983.570000000002,122,0,0,0
Southeast,arts_and_craftmanship,2017,175.22,2,0,0,0
Southeast,arts_and_craftmanship,2018,1542.9000000000003,19,0,0,0
Southeast,audio,2016,183.03000000000003,2,0,0,0
Southeast,audio,2017,13057.339999999998,108,0,0,0
Southeast,audio,2018,23805.68000000001,128,0,0,0
Southeast,auto,2016,531.32,6,0,0,0
Southeast,auto,2017,172184.53999999998,934,0,0,0
Southeast,auto,2018,241342.5300000006,1637,0,0,0
Southeast,baby,2016,1710.24,10,0,0,0
Southeast,baby,2017,107258.59000000003,801,0,0,0
Southeast,baby,2018,185817.7500000004,1123,0,0,0
Southeast,bed_bath_table,2016,304.47,3,0,0,0
Southeast,bed_bath_table,2017,426288.28000000294,3325,0,0,0
Southeast,bed_bath_table,2018,493721.5800000001,3802,0,0,0
Southeast,books_general_interest,2017,13306.75,135,0,0,0
Southeast,books_general_interest,2018,21308.080000000005,192,0,0,0
Southeast,books_imported,2017,1040.4299999999998,10,0,0,0
Southeast,books_imported,2018,2849.2799999999993,34,0,0,0
Southeast,books_technical,2016,299.84000000000003,1,0,0,0
Southeast,books_technical,2017,3271.129999999999,24,0,0,0
Southeast,books_technical,2018,11181.230000000001,156,0,0,0
Southeast,cds_dvds_musicals,2017,531.86,8,0,0,0
Southeast,christmas_supplies,2017,2105.21,29,0,0,0
Southeast,christmas_supplies,2018,3415.980000000001,47,0,0,0
Southeast,cine_photo,2017,857.24,7,0,0,0
Southeast,cine_photo,2018,2933.7400000000002,33,0,0,0
Southeast,computers,2017,80013.53000000003,60,0,0,0
Southeast,computers,2018,39015.28,32,0,0,0
Southeast,computers_accessories,2016,1030.02,10,0,0,0
Southeast,computers_accessories,2017,281324.58000000013,1705,0,0,0
Southeast,computers_accessories,2018,403449.9499999999,2837,0,0,0
Southeast,consoles_games,2016,2365.27,7,0,0,0
Southeast,consoles_games,2017,67689.39999999986,468,0,0,0
Southeast,consoles_games,2018,46471.13999999998,262,0,0,0
Southeast,construction_tools_construction,2017,14173.810000000007,72,0,0,0
Southeast,construction_tools_construction,2018,101758.56999999998,479,0,0,0
Southeast,construction_tools_lights,2017,3130.4299999999994,12,0,0,0
Southeast,construction_tools_lights,2018,31017.24000000001,158,0,0,0
Southeast,construction_tools_safety,2017,5168.889999999999,19,0,0,0
Southeast,construction_tools_safety,2018,21168.429999999997,79,0,0,0
Southeast,cool_stuff,2016,751.09,6,0,0,0
Southeast,cool_stuff,2017,264162.68000000075,1390,0,0,0
Southeast,cool_stuff,2018,161612.8899999998,917,0,0,0
Southeast,costruction_tools_garden,2017,6469.370000000003,42,0,0,0
Southeast,costruction_tools_garden,2018,13811.140000000009,91,0,0,0
Southeast,costruction_tools_tools,2017,3745.3200000000006,14,0,0,0
Southeast,costruction_tools_tools,2018,7450.990000000001,48,0,0,0
Southeast,diapers_and_hygiene,2016,150.99,1,0,0,0
Southeast,diapers_and_hygiene,2017,99.7,1,0,0,0
Southeast,diapers_and_hygiene,2018,1520.8500000000001,20,0,0,0
Southeast,drinks,2017,5029.920000000001,60,0,0,0
Southeast,drinks,2018,16286.930000000026,173,0,0,0
Southeast,dvds_blu_ray,2017,4541.5199999999995,22,0,0,0
Southeast,dvds_blu_ray,2018,1151.6599999999999,15,0,0,0
Southeast,electronics,2016,1347.57,2,0,0,0
Southeast,electronics,2017,45682.69999999991,531,0,0,0
Southeast,electronics,2018,83693.10999999983,1134,0,0,0
Southeast,fashio_female_clothing,2016,69.63,1,0,0,0
Southeast,fashio_female_clothing,2017,1794.4900000000002,22,0,0,0
Southeast,fashio_female_clothing,2018,726.2,7,0,0,0
Southeast,fashion_bags_accessories,2016,285.78000000000003,4,0,0,0
Southeast,fashion_bags_accessories,2017,61424.76999999975,679,0,0,0
Southeast,fashion_bags_accessories,2018,56866.27000000005,575,0,0,0
Southeast,fashion_childrens_clothes,2017,297.57,3,0,0,0
Southeast,fashion_childrens_clothes,2018,147.62,2,0,0,0
Southeast,fashion_male_clothing,2016,35.86,1,0,0,0
Southeast,fashion_male_clothing,2017,6672.2400000000025,61,0,0,0
Southeast,fashion_male_clothing,2018,1871.8799999999999,16,0,0,0
Southeast,fashion_shoes,2016,40.95,1,0,0,0
Southeast,fashion_shoes,2017,11017.72,113,0,0,0
Southeast,fashion_shoes,2018,4986.32,39,0,0,0
Southeast,fashion_sport,2017,1193.57,12,0,0,0
Southeast,fashion_sport,2018,356.12,4,0,0,0
Southeast,fashion_underwear_beach,2017,5345.060000000001,57,0,0,0
Southeast,fashion_underwear_beach,2018,2061.5499999999997,25,0,0,0
Southeast,fixed_telephony,2016,559.4699999999999,4,0,0,0
Southeast,fixed_telephony,2017,23456.809999999983,74,0,0,0
Southeast,fixed_telephony,2018,23393.759999999995,69,0,0,0
Southeast,flowers,2017,343.36,7,0,0,0
Southeast,flowers,2018,898.0700000000002,16,0,0,0
Southeast,food,2016,96.23,1,0,0,0
Southeast,food,2017,7147.280000000004,73,0,0,0
Southeast,food,2018,18790.889999999992,262,0,0,0
Southeast,food_drink,2017,6187.430000000001,80,0,0,0
Southeast,food_drink,2018,8640.070000000003,98,0,0,0
Southeast,furniture_bedroom,2017,7256.77,23,0,0,0
Southeast,furniture_bedroom,2018,11827.24,46,0,0,0
Southeast,furniture_decor,2016,3272.690000000001,30,0,0,0
Southeast,furniture_decor,2017,276144.1099999992,2245,0,0,0
Southeast,furniture_decor,2018,301604.62000000034,2143,0,0,0
Southeast,furniture_living_room,2017,31737.74999999999,152,0,0,0
Southeast,furniture_living_room,2018,29453.52000000003,159,0,0,0
Southeast,furniture_mattress_and_upholstery,2017,2615.87,15,0,0,0
Southeast,furniture_mattress_and_upholstery,2018,2438.09,18,0,0,0
Southeast,garden_tools,2016,1308.9699999999998,4,0,0,0
Southeast,garden_tools,2017,190838.53000000014,1315,0,0,0
Southeast,garden_tools,2018,164467.31999999954,1067,0,0,0
Southeast,health_beauty,2016,3813.980000000001,27,0,0,0
Southeast,health_beauty,2017,319661.8899999994,2143,0,0,0
Southeast,health_beauty,2018,562357.429999997,3749,0,0,0
Southeast,home_appliances,2017,15450.319999999998,150,0,0,0
Southeast,home_appliances,2018,42865.36,378,0,0,0
Southeast,home_appliances_2,2017,16686.019999999997,60,0,0,0
Southeast,home_appliances_2,2018,58882.159999999996,96,0,0,0
Southeast,home_comfort_2,2017,643.63,12,0,0,0
Southeast,home_comfort_2,2018,195.69,5,0,0,0
Southeast,home_confort,2017,32592.089999999967,192,0,0,0
Southeast,home_confort,2018,18288.339999999997,112,0,0,0
Southeast,home_construction,2017,13047.410000000005,65,0,0,0
Southeast,home_construction,2018,46375.64999999997,262,0,0,0
Southeast,housewares,2016,826.22,6,0,0,0
Southeast,housewares,2017,197783.73999999958,1803,0,0,0
Southeast,housewares,2018,340842.7300000008,2523,0,0,0
Southeast,industry_commerce_and_business,2016,207.22000000000003,1,0,0,0
Southeast,industry_commerce_and_business,2017,5090.3200000000015,19,0,0,0
Southeast,industry_commerce_and_business,2018,22164.619999999984,133,0,0,0
Southeast,kitchen_dining_laundry_garden_furniture,2017,16209.54000000001,79,0,0,0
Southeast,kitchen_dining_laundry_garden_furniture,2018,28042.35999999999,116,0,0,0
Southeast,la_cuisine,2017,724.3399999999999,5,0,0,0
Southeast,la_cuisine,2018,464.15,2,0,0,0
Southeast,luggage_accessories,2017,61897.24000000007,382,0,0,0
Southeast,luggage_accessories,2018,54456.46000000006,345,0,0,0
Southeast,market_place,2016,742.9100000000001,4,0,0,0
Southeast,market_place,2017,12457.040000000005,110,0,0,0
Southeast,market_place,2018,6106.140000000002,63,0,0,0
Southeast,music,2017,1309.3,7,0,0,0
Southeast,music,2018,2913.0400000000004,19,0,0,0
Southeast,musical_instruments,2017,61757.990000000005,172,0,0,0
Southeast,musical_instruments,2018,70872.85000000005,247,0,0,0
Southeast,office_furniture,2016,1323.47,5,0,0,0
Southeast,office_furniture,2017,105242.09999999982,415,0,0,0
Southeast,office_furniture,2018,121445.16,462,0,0,0
Southeast,party_supplies,2017,1458.2700000000002,8,0,0,0
Southeast,party_supplies,2018,2086.1800000000007,21,0,0,0
Southeast,perfumery,2016,4309.47,22,0,0,0
Southeast,perfumery,2017,164375.1900000001,1120,0,0,0
Southeast,perfumery,2018,140259.16999999995,1073,0,0,0
Southeast,pet_shop,2016,659.7,3,0,0,0
Southeast,pet_shop,2017,60038.78999999999,448,0,0,0
Southeast,pet_shop,2018,113817.75000000023,762,0,0,0
Southeast,signaling_and_security,2017,3991.25,25,0,0,0
Southeast,signaling_and_security,2018,10916.04,71,0,0,0
Southeast,small_appliances,2017,68585.42999999995,206,0,0,0
Southeast,small_appliances,2018,61140.27999999998,224,0,0,0
Southeast,small_appliances_home_oven_and_coffee,2017,222.51,3,0,0,0
Southeast,small_appliances_home_oven_and_coffee,2018,26538.12000000001,48,0,0,0
Southeast,sports_leisure,2016,2450.33,9,0,0,0
Southeast,sports_leisure,2017,338902.68000000104,2403,0,0,0
Southeast,sports_leisure,2018,402254.22999999963,2827,0,0,0
Southeast,stationery,2017,72934.58000000007,606,0,0,0
Southeast,stationery,2018,108968.4900000001,969,0,0,0
Southeast,tablets_printing_image,2017,4797.840000000001,39,0,0,0
Southeast,tablets_printing_image,2018,1104.18,15,0,0,0
Southeast,telephony,2016,341.00000000000006,7,0,0,0
Southeast,telephony,2017,98462.22999999949,1189,0,0,0
Southeast,telephony,2018,122328.40000000034,1296,0,0,0
Southeast,toys,2016,3602.3599999999997,18,0,0,0
Southeast,toys,2017,236183.58999999912,1692,0,0,0
Southeast,toys,2018,136364.20000000027,1000,0,0,0
Southeast,watches_gifts,2016,2122.4,3,0,0,0
Southeast,watches_gifts,2017,341471.7300000011,1401,0,0,0
Southeast,watches_gifts,2018,484144.12000000186,2301,0,0,0
Southeast,,2017,427.88,3,0,0,0
Southeast,,2018,2993.6500000000005,13,0,0,0
Central-West,agro_industry_and_commerce,,3723.42,11,0,0,1
Central-West,air_conditioning,,2366.2200000000003,12,0,0,1
Central-West,art,,1440.3200000000002,12,0,0,1
Central-West,arts_and_craftmanship,,151.70000000000002,1,0,0,1
Central-West,audio,,5349.65,27,0,0,1
Central-West,auto,,53361.20000000002,250,0,0,1
Central-West,baby,,33384.659999999996,176,0,0,1
Central-West,bed_bath_table,,62603.21000000001,469,0,0,1
Central-West,books_general_interest,,4357.219999999999,34,0,0,1
Central-West,books_technical,,1657.48,15,0,0,1
Central-West,christmas_supplies,,1143.7599999999998,10,0,0,1
Central-West,cine_photo,,968.64,3,0,0,1
Central-West,computers,,17253.35,10,0,0,1
Central-West,computers_accessories,,61985.50000000001,334,0,0,1
Central-West,consoles_games,,7287.59,60,0,0,1
Central-West,construction_tools_construction,,7586.7400000000025,29,0,0,1
Central-West,construction_tools_lights,,3851.7499999999995,16,0,0,1
Central-West,construction_tools_safety,,4829.4,15,0,0,1
Central-West,cool_stuff,,53939.97000000002,229,0,0,1
Central-West,costruction_tools_garden,,1249.4199999999998,12,0,0,1
Central-West,costruction_tools_tools,,2916.17,7,0,0,1
Central-West,drinks,,1206.5500000000002,14,0,0,1
Central-West,dvds_blu_ray,,690.71,7,0,0,1
Central-West,electronics,,8032.449999999998,120,0,0,1
Central-West,fashio_female_clothing,,440.97,4,0,0,1
Central-West,fashion_bags_accessories,,9998.099999999997,108,0,0,1
Central-West,fashion_male_clothing,,574.84,4,0,0,1
Central-West,fashion_shoes,,3235.8500000000004,19,0,0,1
Central-West,fashion_underwear_beach,,1309.96,11,0,0,1
Central-West,fixed_telephony,,649.9800000000001,8,0,0,1
Central-West,flowers,,87.39999999999999,2,0,0,1
Central-West,food,,2521.98,21,0,0,1
Central-West,food_drink,,411.38,5,0,0,1
Central-West,furniture_bedroom,,1636.5700000000002,4,0,0,1
Central-West,furniture_decor,,45272.84999999999,302,0,0,1
Central-West,furniture_living_room,,4660.85,23,0,0,1
Central-West,furniture_mattress_and_upholstery,,405.74,2,0,0,1
Central-West,garden_tools,,44034.06999999996,174,0,0,1
Central-West,health_beauty,,96617.34999999986,555,0,0,1
Central-West,home_appliances,,4480.870000000001,40,0,0,1
Central-West,home_appliances_2,,6433.56,13,0,0,1
Central-West,home_comfort_2,,144.22,4,0,0,1
Central-West,home_confort,,2781.1900000000005,18,0,0,1
Central-West,home_construction,,7154.589999999998,32,0,0,1
Central-West,housewares,,51199.469999999994,288,0,0,1
Central-West,industry_commerce_and_business,,3660.6399999999994,15,0,0,1
Central-West,kitchen_dining_laundry_garden_furniture,,2958.83,8,0,0,1
Central-West,la_cuisine,,137.11,1,0,0,1
Central-West,luggage_accessories,,8205.119999999999,50,0,0,1
Central-West,market_place,,1931.19,18,0,0,1
Central-West,music,,1309.95,2,0,0,1
Central-West,musical_instruments,,12649.569999999996,30,0,0,1
Central-West,office_furniture,,13376.96,55,0,0,1
Central-West,party_supplies,,357.65,2,0,0,1
Central-West,perfumery,,27916.64,201,0,0,1
Central-West,pet_shop,,17438.27999999999,92,0,0,1
Central-West,security_and_services,,115.45,1,0,0,1
Central-West,signaling_and_security,,4966.539999999999,8,0,0,1
Central-West,small_appliances,,19453.439999999995,45,0,0,1
Central-West,small_appliances_home_oven_and_coffee,,2448.19,3,0,0,1
Central-West,sports_leisure,,71869.70999999996,465,0,0,1
Central-West,stationery,,16831.89,128,0,0,1
Central-West,tablets_printing_image,,435.28999999999996,4,0,0,1
Central-West,telephony,,21881.400000000005,278,0,0,1
Central-West,toys,,34739.38,233,0,0,1
Central-West,watches_gifts,,90579.96999999999,359,0,0,1
Central-West,,,50.239999999999995,1,0,0,1
North,agro_industry_and_commerce,,2169.37,4,0,0,1
North,air_conditioning,,114.11,1,0,0,1
North,art,,821.61,7,0,0,1
North,audio,,996.3799999999999,4,0,0,1
North,auto,,18002.62999999999,83,0,0,1
North,baby,,19384.840000000004,70,0,0,1
North,bed_bath_table,,11561.26,73,0,0,1
North,books_general_interest,,1248.4500000000003,8,0,0,1
North,books_imported,,168.72,1,0,0,1
North,books_technical,,470.98,4,0,0,1
North,christmas_supplies,,1276.49,4,0,0,1
North,cine_photo,,314.74,2,0,0,1
North,computers,,11619.06,11,0,0,1
North,computers_accessories,,30024.13999999999,151,0,0,1
North,consoles_games,,4019.9400000000005,22,0,0,1
North,construction_tools_construction,,2121.58,6,0,0,1
North,construction_tools_lights,,425.13000000000005,3,0,0,1
North,construction_tools_safety,,402.34,1,0,0,1
North,cool_stuff,,17511.790000000005,85,0,0,1
North,costruction_tools_garden,,565.87,5,0,0,1
North,costruction_tools_tools,,52.629999999999995,1,0,0,1
North,drinks,,208.94,2,0,0,1
North,dvds_blu_ray,,46.05,1,0,0,1
North,electronics,,6318.449999999999,53,0,0,1
North,fashion_bags_accessories,,5288.860000000001,44,0,0,1
North,fashion_male_clothing,,345.90000000000003,2,0,0,1
North,fashion_shoes,,1511.3200000000002,8,0,0,1
North,fashion_sport,,262.12,1,0,0,1
North,fashion_underwear_beach,,246.33,3,0,0,1
North,fixed_telephony,,2482.18,6,0,0,1
North,food,,314.36,2,0,0,1
North,food_drink,,85.85,1,0,0,1
North,furniture_decor,,20325.95,97,0,0,1
North,furniture_living_room,,955.5999999999999,5,0,0,1
North,garden_tools,,13563.109999999995,52,0,0,1
North,health_beauty,,49776.829999999994,191,0,0,1
North,home_appliances,,2892.830000000001,18,0,0,1
North,home_appliances_2,,1832.9499999999998,4,0,0,1
North,home_confort,,952.98,2,0,0,1
North,home_construction,,1427.1399999999999,7,0,0,1
North,housewares,,10644.920000000002,59,0,0,1
North,industry_commerce_and_business,,256.53,2,0,0,1
North,kitchen_dining_laundry_garden_furniture,,301.41,2,0,0,1
North,luggage_accessories,,4982.4800000000005,19,0,0,1
North,market_place,,1196.9299999999998,9,0,0,1
North,music,,38.95,1,0,0,1
North,musical_instruments,,3149.5299999999997,15,0,0,1
North,office_furniture,,10046.899999999996,35,0,0,1
North,perfumery,,9914.6,57,0,0,1
North,pet_shop,,4933.040000000001,28,0,0,1
North,security_and_services,,209.06,1,0,0,1
North,signaling_and_security,,258.06,1,0,0,1
North,small_appliances,,4028.18,10,0,0,1
North,small_appliances_home_oven_and_coffee,,4209.07,2,0,0,1
North,sports_leisure,,33356.780000000006,152,0,0,1
North,stationery,,6660.040000000001,45,0,0,1
North,tablets_printing_image,,528.21,5,0,0,1
North,telephony,,16308.190000000024,134,0,0,1
North,toys,,12255.830000000004,67,0,0,1
North,watches_gifts,,42164.409999999996,138,0,0,1
North,,,1028.3,1,0,0,1
Northeast,agro_industry_and_commerce,,12365.859999999999,17,0,0,1
Northeast,air_conditioning,,3441.69,16,0,0,1
Northeast,art,,1855.1100000000001,14,0,0,1
Northeast,audio,,5527.800000000002,37,0,0,1
Northeast,auto,,101850.59000000001,430,0,0,1
Northeast,baby,,49862.55000000001,246,0,0,1
Northeast,bed_bath_table,,79048.92999999995,513,0,0,1
Northeast,books_general_interest,,6878.880000000001,61,0,0,1
Northeast,books_imported,,983.6,3,0,0,1
Northeast,books_technical,,2156.46,24,0,0,1
Northeast,cds_dvds_musicals,,117.58,1,0,0,1
Northeast,christmas_supplies,,1985.6000000000004,16,0,0,1
Northeast,cine_photo,,525.48,5,0,0,1
Northeast,computers,,61232.69000000002,50,0,0,1
Northeast,computers_accessories,,118248.98000000007,641,0,0,1
Northeast,consoles_games,,27040.49999999999,107,0,0,1
Northeast,construction_tools_construction,,16235.949999999999,56,0,0,1
Northeast,construction_tools_lights,,2759.3699999999994,13,0,0,1
Northeast,construction_tools_safety,,5895.2,21,0,0,1
Northeast,cool_stuff,,92879.46999999999,389,0,0,1
Northeast,costruction_tools_garden,,6689.1799999999985,28,0,0,1
Northeast,costruction_tools_tools,,1416.72,7,0,0,1
Northeast,diapers_and_hygiene,,233.8,3,0,0,1
Northeast,drinks,,1099.7699999999998,10,0,0,1
Northeast,dvds_blu_ray,,242.63,5,0,0,1
Northeast,electronics,,25956.72999999999,264,0,0,1
Northeast,fashio_female_clothing,,239.9,2,0,0,1
Northeast,fashion_bags_accessories,,22311.769999999997,187,0,0,1
Northeast,fashion_childrens_clothes,,107.06,1,0,0,1
Northeast,fashion_male_clothing,,1294.4799999999998,9,0,0,1
Northeast,fashion_shoes,,4362.91,28,0,0,1
Northeast,fashion_sport,,475.08,3,0,0,1
Northeast,fashion_underwear_beach,,1189.67,9,0,0,1
Northeast,fixed_telephony,,8518.039999999999,26,0,0,1
Northeast,flowers,,145.12,1,0,0,1
Northeast,food,,3289.0400000000004,35,0,0,1
Northeast,food_drink,,2902.8399999999992,23,0,0,1
Northeast,furniture_bedroom,,2053.01,9,0,0,1
Northeast,furniture_decor,,85051.86000000004,501,0,0,1
Northeast,furniture_living_room,,10017.449999999999,35,0,0,1
Northeast,furniture_mattress_and_upholstery,,288.29,1,0,0,1
Northeast,garden_tools,,70012.7300000001,345,0,0,1
Northeast,health_beauty,,236787.1699999998,1081,0,0,1
Northeast,home_appliances,,11509.849999999999,65,0,0,1
Northeast,home_appliances_2,,11639.76,17,0,0,1
Northeast,home_comfort_2,,29.689999999999998,1,0,0,1
Northeast,home_confort,,5264.220000000001,29,0,0,1
Northeast,home_construction,,12495.410000000002,44,0,0,1
Northeast,housewares,,55356.969999999994,338,0,0,1
Northeast,industry_commerce_and_business,,8660.26,22,0,0,1
Northeast,kitchen_dining_laundry_garden_furniture,,3139.56,12,0,0,1
Northeast,luggage_accessories,,16999.25999999999,94,0,0,1
Northeast,market_place,,6209.039999999998,27,0,0,1
Northeast,music,,169.64000000000001,1,0,0,1
Northeast,musical_instruments,,31711.76000000002,75,0,0,1
Northeast,office_furniture,,43208.56000000002,142,0,0,1
Northeast,party_supplies,,292.88,1,0,0,1
Northeast,perfumery,,47433.529999999984,283,0,0,1
Northeast,pet_shop,,21775.079999999994,128,0,0,1
Northeast,signaling_and_security,,4187.82,10,0,0,1
Northeast,small_appliances,,15355.380000000005,41,0,0,1
Northeast,small_appliances_home_oven_and_coffee,,2391.16,4,0,0,1
Northeast,sports_leisure,,123659.09999999993,685,0,0,1
Northeast,stationery,,30900.749999999996,216,0,0,1
Northeast,tablets_printing_image,,1475.16,12,0,0,1
Northeast,telephony,,78003.35999999986,637,0,0,1
Northeast,toys,,57250.50999999995,346,0,0,1
Northeast,watches_gifts,,184891.23000000004,735,0,0,1
Northeast,,,201.0,2,0,0,1
South,agro_industry_and_commerce,,9791.970000000001,24,0,0,1
South,air_conditioning,,6467.7599999999975,23,0,0,1
South,art,,2219.2,24,0,0,1
South,arts_and_craftmanship,,314.32,1,0,0,1
South,audio,,7448.9299999999985,43,0,0,1
South,auto,,96744.22000000009,548,0,0,1
South,baby,,80952.11000000003,450,0,0,1
South,bed_bath_table,,165541.23000000004,1214,0,0,1
South,books_general_interest,,8922.340000000002,81,0,0,1
South,books_imported,,367.66999999999996,5,0,0,1
South,books_technical,,4341.999999999999,36,0,0,1
South,cds_dvds_musicals,,305.55,3,0,0,1
South,christmas_supplies,,2103.08,22,0,0,1
South,cine_photo,,2589.82,15,0,0,1
South,computers,,22331.969999999998,17,0,0,1
South,computers_accessories,,157204.40000000008,994,0,0,1
South,consoles_games,,22182.469999999994,132,0,0,1
South,construction_tools_construction,,22742.44,102,0,0,1
South,construction_tools_lights,,7201.910000000003,41,0,0,1
South,construction_tools_safety,,6999.36,32,0,0,1
South,cool_stuff,,126541.12999999986,606,0,0,1
South,costruction_tools_garden,,2242.31,16,0,0,1
South,costruction_tools_tools,,2352.34,20,0,0,1
South,diapers_and_hygiene,,135.93,2,0,0,1
South,drinks,,4337.84,38,0,0,1
South,dvds_blu_ray,,615.56,9,0,0,1
South,electronics,,35543.319999999985,439,0,0,1
South,fashio_female_clothing,,154.2,3,0,0,1
South,fashion_bags_accessories,,27062.089999999997,259,0,0,1
South,fashion_childrens_clothes,,113.11,2,0,0,1
South,fashion_male_clothing,,2155.03,19,0,0,1
South,fashion_shoes,,3108.2200000000003,31,0,0,1
South,fashion_sport,,371.66,6,0,0,1
South,fashion_underwear_beach,,1305.1699999999998,16,0,0,1
South,fixed_telephony,,5126.480000000001,29,0,0,1
South,flowers,,124.96,3,0,0,1
South,food,,4238.080000000001,53,0,0,1
South,food_drink,,1459.9,20,0,0,1
South,furniture_bedroom,,1887.4199999999998,13,0,0,1
South,furniture_decor,,168948.56999999966,1115,0,0,1
South,furniture_living_room,,10059.560000000001,48,0,0,1
South,furniture_mattress_and_upholstery,,250.55,2,0,0,1
South,garden_tools,,97162.74000000022,551,0,0,1
South,health_beauty,,168973.69999999972,1061,0,0,1
South,home_appliances,,17556.440000000002,109,0,0,1
South,home_appliances_2,,28280.09,43,0,0,1
South,home_comfort_2,,157.35,2,0,0,1
South,home_confort,,7194.449999999999,44,0,0,1
South,home_construction,,16420.160000000003,80,0,0,1
South,housewares,,120812.89000000016,857,0,0,1
South,industry_commerce_and_business,,7367.560000000005,42,0,0,1
South,kitchen_dining_laundry_garden_furniture,,7479.379999999999,30,0,0,1
South,la_cuisine,,1062.94,5,0,0,1
South,luggage_accessories,,23644.6,140,0,0,1
South,market_place,,5191.279999999999,49,0,0,1
South,music,,983.98,8,0,0,1
South,musical_instruments,,29686.09999999998,88,0,0,1
South,office_furniture,,46801.440000000024,153,0,0,1
South,party_supplies,,1118.17,7,0,0,1
South,perfumery,,57540.91999999996,391,0,0,1
South,pet_shop,,34557.00999999999,245,0,0,1
South,signaling_and_security,,3088.7599999999998,22,0,0,1
South,small_appliances,,38106.11999999999,104,0,0,1
South,small_appliances_home_oven_and_coffee,,14384.519999999999,15,0,0,1
South,sports_leisure,,182665.18,1163,0,0,1
South,stationery,,40416.149999999994,340,0,0,1
South,tablets_printing_image,,413.93,4,0,0,1
South,telephony,,56469.119999999835,646,0,0,1
South,toys,,79882.38999999997,518,0,0,1
South,watches_gifts,,153753.50999999983,665,0,0,1
South,,,1256.74,2,0,0,1
Southeast,agro_industry_and_commerce,,50323.450000000004,126,0,0,1
Southeast,air_conditioning,,49384.41,201,0,0,1
Southeast,art,,21911.57,145,0,0,1
Southeast,arts_and_craftmanship,,1718.1200000000003,21,0,0,1
Southeast,audio,,37046.05,238,0,0,1
Southeast,auto,,414058.3900000013,2577,0,0,1
Southeast,baby,,294786.5799999999,1934,0,0,1
Southeast,bed_bath_table,,920314.3300000018,7130,0,0,1
Southeast,books_general_interest,,34614.83000000001,327,0,0,1
Southeast,books_imported,,3889.7099999999996,44,0,0,1
Southeast,books_technical,,14752.2,181,0,0,1
Southeast,cds_dvds_musicals,,531.86,8,0,0,1
Southeast,christmas_supplies,,5521.190000000002,76,0,0,1
Southeast,cine_photo,,3790.98,40,0,0,1
Southeast,computers,,119028.81,92,0,0,1
Southeast,computers_accessories,,685804.549999999,4552,0,0,1
Southeast,consoles_games,,116525.81000000023,737,0,0,1
Southeast,construction_tools_construction,,115932.38000000002,551,0,0,1
Southeast,construction_tools_lights,,34147.669999999984,170,0,0,1
Southeast,construction_tools_safety,,26337.32,98,0,0,1
Southeast,cool_stuff,,426526.6600000003,2313,0,0,1
Southeast,costruction_tools_garden,,20280.510000000002,133,0,0,1
Southeast,costruction_tools_tools,,11196.310000000003,62,0,0,1
Southeast,diapers_and_hygiene,,1771.54,22,0,0,1
Southeast,drinks,,21316.850000000042,233,0,0,1
Southeast,dvds_blu_ray,,5693.179999999998,37,0,0,1
Southeast,electronics,,130723.37999999984,1667,0,0,1
Southeast,fashio_female_clothing,,2590.3199999999993,30,0,0,1
Southeast,fashion_bags_accessories,,118576.81999999979,1258,0,0,1
Southeast,fashion_childrens_clothes,,445.18999999999994,5,0,0,1
Southeast,fashion_male_clothing,,8579.980000000001,78,0,0,1
Southeast,fashion_shoes,,16044.990000000009,153,0,0,1
Southeast,fashion_sport,,1549.6899999999998,16,0,0,1
Southeast,fashion_underwear_beach,,7406.61,82,0,0,1
Southeast,fixed_telephony,,47410.039999999964,147,0,0,1
Southeast,flowers,,1241.4299999999998,23,0,0,1
Southeast,food,,26034.399999999958,336,0,0,1
Southeast,food_drink,,14827.50000000001,178,0,0,1
Southeast,furniture_bedroom,,19084.010000000006,69,0,0,1
Southeast,furniture_decor,,581021.4200000013,4418,0,0,1
Southeast,furniture_living_room,,61191.27000000006,311,0,0,1
Southeast,furniture_mattress_and_upholstery,,5053.96,33,0,0,1
Southeast,garden_tools,,356614.820000002,2386,0,0,1
Southeast,health_beauty,,885833.2999999961,5919,0,0,1
Southeast,home_appliances,,58315.67999999997,528,0,0,1
Southeast,home_appliances_2,,75568.18000000002,156,0,0,1
Southeast,home_comfort_2,,839.32,17,0,0,1
Southeast,home_confort,,50880.429999999935,304,0,0,1
Southeast,home_construction,,59423.05999999998,327,0,0,1
Southeast,housewares,,539452.6900000015,4332,0,0,1
Southeast,industry_commerce_and_business,,27462.159999999993,153,0,0,1
Southeast,kitchen_dining_laundry_garden_furniture,,44251.89999999999,195,0,0,1
Southeast,la_cuisine,,1188.49,7,0,0,1
Southeast,luggage_accessories,,116353.69999999978,727,0,0,1
Southeast,market_place,,19306.09,177,0,0,1
Southeast,music,,4222.340000000001,26,0,0,1
Southeast,musical_instruments,,132630.84000000003,419,0,0,1
Southeast,office_furniture,,228010.73,882,0,0,1
Southeast,party_supplies,,3544.4500000000003,29,0,0,1
Southeast,perfumery,,308943.83000000136,2215,0,0,1
Southeast,pet_shop,,174516.24000000017,1213,0,0,1
Southeast,signaling_and_security,,14907.289999999999,96,0,0,1
Southeast,small_appliances,,129725.70999999995,430,0,0,1
Southeast,small_appliances_home_oven_and_coffee,,26760.63000000001,51,0,0,1
Southeast,sports_leisure,,743607.2400000005,5239,0,0,1
Southeast,stationery,,181903.07000000056,1575,0,0,1
Southeast,tablets_printing_image,,5902.019999999998,54,0,0,1
Southeast,telephony,,221131.62999999837,2492,0,0,1
Southeast,toys,,376150.1499999988,2710,0,0,1
Southeast,watches_gifts,,827738.2500000064,3705,0,0,1
Southeast,,,3421.53,16,0,0,1
Central-West,,2016,2857.41,16,0,1,0
Central-West,,2017,445774.2400000032,2446,0,1,0
Central-West,,2018,530070.6599999986,3007,0,1,0
North,,2016,1488.34,6,0,1,0
North,,2017,195584.78999999978,938,0,1,0
North,,2018,201508.10000000003,875,0,1,0
Northeast,,2016,7310.449999999998,33,0,1,0
Northeast,,2017,866399.580000004,4412,0,1,0
Northeast,,2018,976078.4500000033,4749,0,1,0
South,,2016,9861.920000000002,54,0,1,0
South,,2017,1025394.1599999954,6481,0,1,0
South,,2018,1232077.7199999988,7287,0,1,0
Southeast,,2016,35569.17,201,0,1,0
Southeast,,2017,4463954.739999842,29397,0,1,0
Southeast,,2018,5598068.12999999,37107,0,1,0
Central-West,,,978702.3099999969,5469,0,1,1
North,,,398581.23000000074,1819,0,1,1
Northeast,,,1849788.4800000014,9194,0,1,1
South,,,2267333.8000000045,13822,0,1,1
Southeast,,,10097592.039999362,66705,0,1,1
,agro_industry_and_commerce,2017,31111.890000000003,48,1,0,0
,agro_industry_and_commerce,2018,47262.18000000004,134,1,0,0
,air_conditioning,2016,1904.91,5,1,0,0
,air_conditioning,2017,30980.15999999998,114,1,0,0
,air_conditioning,2018,28889.120000000006,134,1,0,0
,art,2017,10300.18,36,1,0,0
,art,2018,17947.630000000005,166,1,0,0
,arts_and_craftmanship,2017,175.22,2,1,0,0
,arts_and_craftmanship,2018,2008.9200000000003,21,1,0,0
,audio,2016,183.03000000000003,2,1,0,0
,audio,2017,19957.08,161,1,0,0
,audio,2018,36228.7,186,1,0,0
,auto,2016,2257.5599999999995,11,1,0,0
,auto,2017,278195.4100000009,1426,1,0,0
,auto,2018,403564.06000000105,2451,1,0,0
,baby,2016,1819.0800000000002,11,1,0,0
,baby,2017,177879.07999999993,1204,1,0,0
,baby,2018,298672.58,1661,1,0,0
,bed_bath_table,2016,606.58,5,1,0,0
,bed_bath_table,2017,589604.9100000053,4498,1,0,0
,bed_bath_table,2018,648857.4699999996,4896,1,0,0
,books_general_interest,2016,144.54,1,1,0,0
,books_general_interest,2017,23624.38,220,1,0,0
,books_general_interest,2018,32252.80000000001,290,1,0,0
,books_imported,2017,1318.99,13,1,0,0
,books_imported,2018,4090.71,40,1,0,0
,books_technical,2016,299.84000000000003,1,1,0,0
,books_technical,2017,6508.85,43,1,0,0
,books_technical,2018,16570.429999999997,216,1,0,0
,cds_dvds_musicals,2017,837.4100000000001,11,1,0,0
,cds_dvds_musicals,2018,117.58,1,1,0,0
,christmas_supplies,2017,3951.6199999999994,50,1,0,0
,christmas_supplies,2018,8078.500000000005,78,1,0,0
,cine_photo,2017,935.95,8,1,0,0
,cine_photo,2018,7253.709999999996,57,1,0,0
,computers,2017,163605.07999999996,122,1,0,0
,computers,2018,67860.80000000003,58,1,0,0
,computers_accessories,2016,1740.09,18,1,0,0
,computers_accessories,2017,458414.7900000016,2610,1,0,0
,computers_accessories,2018,593112.6900000006,4044,1,0,0
,consoles_games,2016,4089.4199999999996,10,1,0,0
,consoles_games,2017,100157.12000000018,663,1,0,0
,consoles_games,2018,72809.76999999999,385,1,0,0
,construction_tools_construction,2017,23830.44999999999,104,1,0,0
,construction_tools_construction,2018,140788.63999999978,640,1,0,0
,construction_tools_lights,2017,4795.959999999999,17,1,0,0
,construction_tools_lights,2018,43589.87000000001,226,1,0,0
,construction_tools_safety,2017,9054.32,37,1,0,0
,construction_tools_safety,2018,35409.30000000001,130,1,0,0
,cool_stuff,2016,1327.11,8,1,0,0
,cool_stuff,2017,442161.8600000009,2199,1,0,0
,cool_stuff,2018,273910.05000000005,1415,1,0,0
,costruction_tools_garden,2017,10534.600000000008,64,1,0,0
,costruction_tools_garden,2018,20492.69,130,1,0,0
,costruction_tools_tools,2017,4485.97,21,1,0,0
,costruction_tools_tools,2018,13448.2,76,1,0,0
,diapers_and_hygiene,2016,150.99,1,1,0,0
,diapers_and_hygiene,2017,99.7,1,1,0,0
,diapers_and_hygiene,2018,1890.5800000000002,25,1,0,0
,drinks,2017,6335.890000000006,75,1,0,0
,drinks,2018,21834.060000000034,222,1,0,0
,dvds_blu_ray,2017,5613.28,37,1,0,0
,dvds_blu_ray,2018,1674.85,22,1,0,0
,electronics,2016,1347.57,2,1,0,0
,electronics,2017,71167.02999999993,820,1,0,0
,electronics,2018,134059.72999999978,1721,1,0,0
,fashio_female_clothing,2016,69.63,1,1,0,0
,fashio_female_clothing,2017,2572.3899999999994,30,1,0,0
,fashio_female_clothing,2018,783.3700000000001,8,1,0,0
,fashion_bags_accessories,2016,676.1100000000001,9,1,0,0
,fashion_bags_accessories,2017,98234.80999999969,1021,1,0,0
,fashion_bags_accessories,2018,84326.72000000006,826,1,0,0
,fashion_childrens_clothes,2017,471.32,5,1,0,0
,fashion_childrens_clothes,2018,194.04,3,1,0,0
,fashion_male_clothing,2016,35.86,1,1,0,0
,fashion_male_clothing,2017,10103.960000000001,87,1,0,0
,fashion_male_clothing,2018,2810.4100000000003,24,1,0,0
,fashion_shoes,2016,40.95,1,1,0,0
,fashion_shoes,2017,18103.92000000001,170,1,0,0
,fashion_shoes,2018,10118.419999999998,68,1,0,0
,fashion_sport,2017,2227.36,21,1,0,0
,fashion_sport,2018,431.19,5,1,0,0
,fashion_underwear_beach,2017,8341.529999999999,83,1,0,0
,fashion_underwear_beach,2018,3116.210000000001,38,1,0,0
,fixed_telephony,2016,774.4499999999999,5,1,0,0
,fixed_telephony,2017,32914.40999999997,124,1,0,0
,fixed_telephony,2018,30497.859999999997,87,1,0,0
,flowers,2017,382.27,8,1,0,0
,flowers,2018,1216.6399999999999,21,1,0,0
,food,2016,96.23,1,1,0,0
,food,2017,10681.08,107,1,0,0
,food,2018,25620.54999999997,339,1,0,0
,food_drink,2017,9569.470000000001,108,1,0,0
,food_drink,2018,10118.0,119,1,0,0
,furniture_bedroom,2017,10668.58,40,1,0,0
,furniture_bedroom,2018,13992.429999999998,55,1,0,0
,furniture_decor,2016,7188.510000000002,52,1,0,0
,furniture_decor,2017,418426.96000000124,3192,1,0,0
,furniture_decor,2018,475005.180000002,3189,1,0,0
,furniture_living_room,2017,44110.59000000003,209,1,0,0
,furniture_living_room,2018,42774.14000000001,213,1,0,0
,furniture_mattress_and_upholstery,2017,3309.9,18,1,0,0
,furniture_mattress_and_upholstery,2018,2688.6399999999994,20,1,0,0
,garden_tools,2016,1465.1899999999998,5,1,0,0
,garden_tools,2017,321281.9900000023,1971,1,0,0
,garden_tools,2018,258640.28999999905,1532,1,0,0
,health_beauty,2016,5636.839999999999,45,1,0,0
,health_beauty,2017,549126.8000000044,3377,1,0,0
,health_beauty,2018,883224.7099999924,5385,1,0,0
,home_appliances,2017,28440.239999999983,238,1,0,0
,home_appliances,2018,66315.42999999998,522,1,0,0
,home_appliances_2,2017,27626.320000000018,88,1,0,0
,home_appliances_2,2018,96128.22000000006,145,1,0,0
,home_comfort_2,2017,886.6700000000001,17,1,0,0
,home_comfort_2,2018,283.90999999999997,7,1,0,0
,home_confort,2017,42886.45999999995,249,1,0,0
,home_confort,2018,24186.80999999999,148,1,0,0
,home_construction,2017,27562.589999999986,111,1,0,0
,home_construction,2018,69357.77000000003,379,1,0,0
,housewares,2016,1542.5400000000004,9,1,0,0
,housewares,2017,284821.9100000006,2448,1,0,0
,housewares,2018,491102.4899999999,3417,1,0,0
,industry_commerce_and_business,2016,433.56000000000006,3,1,0,0
,industry_commerce_and_business,2017,9787.890000000001,35,1,0,0
,industry_commerce_and_business,2018,37185.700000000004,196,1,0,0
,kitchen_dining_laundry_garden_furniture,2017,23179.82999999999,105,1,0,0
,kitchen_dining_laundry_garden_furniture,2018,34951.24999999999,142,1,0,0
,la_cuisine,2017,1497.6899999999996,10,1,0,0
,la_cuisine,2018,890.8499999999999,3,1,0,0
,luggage_accessories,2017,93139.74999999996,563,1,0,0
,luggage_accessories,2018,77045.40999999997,467,1,0,0
,market_place,2016,1579.18,7,1,0,0
,market_place,2017,22891.34000000001,178,1,0,0
,market_place,2018,9364.010000000002,95,1,0,0
,music,2017,1730.28,11,1,0,0
,music,2018,4994.579999999999,27,1,0,0
,musical_instruments,2017,88661.06000000006,253,1,0,0
,musical_instruments,2018,121166.73999999993,374,1,0,0
,office_furniture,2016,1587.55,6,1,0,0
,office_furniture,2017,158701.67000000007,616,1,0,0
,office_furniture,2018,181155.37000000002,645,1,0,0
,party_supplies,2017,2034.74,10,1,0,0
,party_supplies,2018,3278.410000000001,29,1,0,0
,perfumery,2016,6223.840000000003,30,1,0,0
,perfumery,2017,241891.65999999992,1637,1,0,0
,perfumery,2018,203634.02000000008,1480,1,0,0
,pet_shop,2016,775.86,4,1,0,0
,pet_shop,2017,99852.74999999993,689,1,0,0
,pet_shop,2018,152591.04000000024,1013,1,0,0
,security_and_services,2017,324.51,2,1,0,0
,signaling_and_security,2017,5603.960000000002,35,1,0,0
,signaling_and_security,2018,21804.51000000001,102,1,0,0
,small_appliances,2017,109458.64999999992,307,1,0,0
,small_appliances,2018,97210.18000000004,323,1,0,0
,small_appliances_home_oven_and_coffee,2017,895.98,4,1,0,0
,small_appliances_home_oven_and_coffee,2018,49297.590000000004,71,1,0,0
,sports_leisure,2016,3927.1099999999997,19,1,0,0
,sports_leisure,2017,529991.4200000038,3636,1,0,0
,sports_leisure,2018,621239.4799999997,4049,1,0,0
,stationery,2017,112357.03000000029,911,1,0,0
,stationery,2018,164354.8700000001,1393,1,0,0
,tablets_printing_image,2017,7212.78,59,1,0,0
,tablets_printing_image,2018,1541.83,20,1,0,0
,telephony,2016,709.04,10,1,0,0
,telephony,2017,176196.02999999872,2026,1,0,0
,telephony,2018,216888.62999999896,2151,1,0,0
,toys,2016,4986.08,25,1,0,0
,toys,2017,355292.6399999996,2448,1,0,0
,toys,2018,199999.53999999998,1401,1,0,0
,watches_gifts,2016,3468.04,5,1,0,0
,watches_gifts,2017,527433.0800000001,2117,1,0,0
,watches_gifts,2018,768226.2500000051,3480,1,0,0
,,2017,584.06,4,1,0,0
,,2018,5373.75,18,1,0,0
,agro_industry_and_commerce,,78374.06999999993,182,1,0,1
,air_conditioning,,61774.18999999996,253,1,0,1
,art,,28247.81,202,1,0,1
,arts_and_craftmanship,,2184.1400000000003,23,1,0,1
,audio,,56368.809999999976,349,1,0,1
,auto,,684017.0299999989,3888,1,0,1
,baby,,478370.73999999824,2876,1,0,1
,bed_bath_table,,1239068.960000004,9399,1,0,1
,books_general_interest,,56021.719999999994,511,1,0,1
,books_imported,,5409.700000000002,53,1,0,1
,books_technical,,23379.119999999977,260,1,0,1
,cds_dvds_musicals,,954.99,12,1,0,1
,christmas_supplies,,12030.120000000004,128,1,0,1
,cine_photo,,8189.659999999997,65,1,0,1
,computers,,231465.8800000001,180,1,0,1
,computers_accessories,,1053267.569999995,6672,1,0,1
,consoles_games,,177056.31000000026,1058,1,0,1
,construction_tools_construction,,164619.08999999994,744,1,0,1
,construction_tools_lights,,48385.83000000002,243,1,0,1
,construction_tools_safety,,44463.62000000002,167,1,0,1
,cool_stuff,,717399.0200000001,3622,1,0,1
,costruction_tools_garden,,31027.29,194,1,0,1
,costruction_tools_tools,,17934.170000000002,97,1,0,1
,diapers_and_hygiene,,2141.27,27,1,0,1
,drinks,,28169.95,297,1,0,1
,dvds_blu_ray,,7288.129999999998,59,1,0,1
,electronics,,206574.33000000077,2543,1,0,1
,fashio_female_clothing,,3425.39,39,1,0,1
,fashion_bags_accessories,,183237.64000000013,1856,1,0,1
,fashion_childrens_clothes,,665.36,8,1,0,1
,fashion_male_clothing,,12950.230000000009,112,1,0,1
,fashion_shoes,,28263.28999999999,239,1,0,1
,fashion_sport,,2658.5500000000006,26,1,0,1
,fashion_underwear_beach,,11457.74,121,1,0,1
,fixed_telephony,,64186.7199999999,216,1,0,1
,flowers,,1598.91,29,1,0,1
,food,,36397.85999999992,447,1,0,1
,food_drink,,19687.469999999994,227,1,0,1
,furniture_bedroom,,24661.010000000002,95,1,0,1
,furniture_decor,,900620.6499999991,6433,1,0,1
,furniture_living_room,,86884.72999999997,422,1,0,1
,furniture_mattress_and_upholstery,,5998.539999999998,38,1,0,1
,garden_tools,,581387.4700000011,3508,1,0,1
,health_beauty,,1437988.3500000045,8807,1,0,1
,home_appliances,,94755.67000000001,760,1,0,1
,home_appliances_2,,123754.54000000001,233,1,0,1
,home_comfort_2,,1170.58,24,1,0,1
,home_confort,,67073.26999999992,397,1,0,1
,home_construction,,96920.35999999994,490,1,0,1
,housewares,,777466.9399999984,5874,1,0,1
,industry_commerce_and_business,,47407.14999999999,234,1,0,1
,kitchen_dining_laundry_garden_furniture,,58131.08000000002,247,1,0,1
,la_cuisine,,2388.5400000000004,13,1,0,1
,luggage_accessories,,170185.16000000006,1030,1,0,1
,market_place,,33834.53000000001,280,1,0,1
,music,,6724.859999999999,38,1,0,1
,musical_instruments,,209827.8000000001,627,1,0,1
,office_furniture,,341444.5900000007,1267,1,0,1
,party_supplies,,5313.150000000001,39,1,0,1
,perfumery,,451749.52000000415,3147,1,0,1
,pet_shop,,253219.65000000072,1706,1,0,1
,security_and_services,,324.51,2,1,0,1
,signaling_and_security,,27408.470000000012,137,1,0,1
,small_appliances,,206668.82999999987,630,1,0,1
,small_appliances_home_oven_and_coffee,,50193.57000000001,75,1,0,1
,sports_leisure,,1155158.010000003,7704,1,0,1
,stationery,,276711.9000000009,2304,1,0,1
,tablets_printing_image,,8754.609999999999,79,1,0,1
,telephony,,393793.70000000624,4187,1,0,1
,toys,,560278.2600000004,3874,1,0,1
,watches_gifts,,1299127.3700000045,5602,1,0,1
,,,5957.8099999999995,22,1,0,1
,,2016,57087.28999999997,310,1,1,0
,,2017,6997107.5099996785,43674,1,1,0
,,2018,8537803.05999989,53025,1,1,0
,,,15591997.859998768,97009,1,1,1
